{"bad_channels": [false, false, false, false, false, false, false, false, false, false, false, false, false, false, false, false, false, false, false, false, false, false, false, false, false, false, false, false, false, false, false, false, false, false, false, false, false, false, false, false, false, false, false, false, false, false, false, false, false, false, false, false, false, false, false, false, false, false, false, false, false, false, false, false, false, false, false, false, false, false, false, false, false, false, false, false, false, false, false, false, false, false, false, false, false, false, false, false, false, false, false, false, false, false, false, false, false, false, false, false, false, false, false, false, false, false, false, false, false, false, false, false, false, false, false, false, false, false, false, false, false, false, false, false, false, false, false, false, false, false, false, false, false, false, false, false, false, false, false, false, false, false, false, false, false, false, false, false, false, false, false, false, false, false, false, false, false, false, false, false, false, false, false, false, false, false, false, false, false, false, false, false, false, false, false, false, false, false, false, false, false, false, false, false, false, false, false, false, false, false, false, false], "tstart": 2.716, "tend": 2.7359980000000004, "dt": 2e-06, "rarr": [2.2016009301667028, 2.177728148996221, 2.154367537147632, 2.131502787342999, 2.109118277324227, 2.0871990342573477, 2.0657307013335577, 2.0446995064104785, 2.2016009301667028, 2.177728148996221, 2.154367537147632, 2.131502787342999, 2.109118277324227, 2.0871990342573477, 2.0657307013335577, 2.0446995064104785, 2.2016009301667028, 2.177728148996221, 2.154367537147632, 2.131502787342999, 2.109118277324227, 2.0871990342573477, 2.0657307013335577, 2.0446995064104785, 2.2016009301667028, 2.177728148996221, 2.154367537147632, 2.131502787342999, 2.109118277324227, 2.0871990342573477, 2.0657307013335577, 2.0446995064104785, 2.2016009301667028, 2.177728148996221, 2.154367537147632, 2.131502787342999, 2.109118277324227, 2.0871990342573477, 2.0657307013335577, 2.0446995064104785, 2.2016009301667028, 2.177728148996221, 2.154367537147632, 2.131502787342999, 2.109118277324227, 2.0871990342573477, 2.0657307013335577, 2.0446995064104785, 2.2016009301667028, 2.177728148996221, 2.154367537147632, 2.131502787342999, 2.109118277324227, 2.0871990342573477, 2.0657307013335577, 2.0446995064104785, 2.2016009301667028, 2.177728148996221, 2.154367537147632, 2.131502787342999, 2.109118277324227, 2.0871990342573477, 2.0657307013335577, 2.0446995064104785, 2.2016009301667028, 2.177728148996221, 2.154367537147632, 2.131502787342999, 2.109118277324227, 2.0871990342573477, 2.0657307013335577, 2.0446995064104785, 2.2016009301667028, 2.177728148996221, 2.154367537147632, 2.131502787342999, 2.109118277324227, 2.0871990342573477, 2.0657307013335577, 2.0446995064104785, 2.2016009301667028, 2.177728148996221, 2.154367537147632, 2.131502787342999, 2.109118277324227, 2.0871990342573477, 2.0657307013335577, 2.0446995064104785, 2.2016009301667028, 2.177728148996221, 2.154367537147632, 2.131502787342999, 2.109118277324227, 2.0871990342573477, 2.0657307013335577, 2.0446995064104785, 2.2016009301667028, 2.177728148996221, 2.154367537147632, 2.131502787342999, 2.109118277324227, 2.0871990342573477, 2.0657307013335577, 2.0446995064104785, 2.2016009301667028, 2.177728148996221, 2.154367537147632, 2.131502787342999, 2.109118277324227, 2.0871990342573477, 2.0657307013335577, 2.0446995064104785, 2.2016009301667028, 2.177728148996221, 2.154367537147632, 2.131502787342999, 2.109118277324227, 2.0871990342573477, 2.0657307013335577, 2.0446995064104785, 2.2016009301667028, 2.177728148996221, 2.154367537147632, 2.131502787342999, 2.109118277324227, 2.0871990342573477, 2.0657307013335577, 2.0446995064104785, 2.2016009301667028, 2.177728148996221, 2.154367537147632, 2.131502787342999, 2.109118277324227, 2.0871990342573477, 2.0657307013335577, 2.0446995064104785, 2.2016009301667028, 2.177728148996221, 2.154367537147632, 2.131502787342999, 2.109118277324227, 2.0871990342573477, 2.0657307013335577, 2.0446995064104785, 2.2016009301667028, 2.177728148996221, 2.154367537147632, 2.131502787342999, 2.109118277324227, 2.0871990342573477, 2.0657307013335577, 2.0446995064104785, 2.2016009301667028, 2.177728148996221, 2.154367537147632, 2.131502787342999, 2.109118277324227, 2.0871990342573477, 2.0657307013335577, 2.0446995064104785, 2.2016009301667028, 2.177728148996221, 2.154367537147632, 2.131502787342999, 2.109118277324227, 2.0871990342573477, 2.0657307013335577, 2.0446995064104785, 2.2016009301667028, 2.177728148996221, 2.154367537147632, 2.131502787342999, 2.109118277324227, 2.0871990342573477, 2.0657307013335577, 2.0446995064104785, 2.2016009301667028, 2.177728148996221, 2.154367537147632, 2.131502787342999, 2.109118277324227, 2.0871990342573477, 2.0657307013335577, 2.0446995064104785, 2.2016009301667028, 2.177728148996221, 2.154367537147632, 2.131502787342999, 2.109118277324227, 2.0871990342573477, 2.0657307013335577, 2.0446995064104785],